-- phpMyAdmin SQL Dump
-- version 4.7.4
-- https://www.phpmyadmin.net/
--
-- Host: 127.0.0.1
-- Generation Time: Mar 27, 2018 at 12:34 AM
-- Server version: 10.1.30-MariaDB
-- PHP Version: 5.6.33

SET SQL_MODE = "NO_AUTO_VALUE_ON_ZERO";
SET AUTOCOMMIT = 0;
START TRANSACTION;
SET time_zone = "+00:00";


/*!40101 SET @OLD_CHARACTER_SET_CLIENT=@@CHARACTER_SET_CLIENT */;
/*!40101 SET @OLD_CHARACTER_SET_RESULTS=@@CHARACTER_SET_RESULTS */;
/*!40101 SET @OLD_COLLATION_CONNECTION=@@COLLATION_CONNECTION */;
/*!40101 SET NAMES utf8mb4 */;

--
-- Database: `blog`
--

-- --------------------------------------------------------

--
-- Table structure for table `cat`
--

CREATE TABLE `cat` (
  `cat_id` int(3) NOT NULL,
  `cat_name` varchar(111) NOT NULL
) ENGINE=InnoDB DEFAULT CHARSET=latin1;

--
-- Dumping data for table `cat`
--

INSERT INTO `cat` (`cat_id`, `cat_name`) VALUES
(1, 'TECH'),
(2, 'CARS'),
(3, 'SCIENCE'),
(4, 'REVIEWS');

-- --------------------------------------------------------

--
-- Table structure for table `comments`
--

CREATE TABLE `comments` (
  `com_id` int(11) NOT NULL,
  `com_content` text NOT NULL,
  `time` timestamp NOT NULL DEFAULT CURRENT_TIMESTAMP ON UPDATE CURRENT_TIMESTAMP,
  `post_id` int(11) NOT NULL
) ENGINE=InnoDB DEFAULT CHARSET=latin1;

--
-- Dumping data for table `comments`
--

INSERT INTO `comments` (`com_id`, `com_content`, `time`, `post_id`) VALUES
(13, 'leap into electronic typesetting, remaining essentially unchanged. It was popularised in the 1960s with the release of Letraset sheets containing Lorem Ipsum passages, and more recently with desktop publishing software like Aldus PageMaker including versions of Lorem Ipsum', '2018-03-24 16:56:40', 168),
(15, 't is a long established fact that a reader will be distracted by the readable content of a page when looking at its layout. The point of using Lorem Ipsum is that it has a more-or-less normal distribution ', '2018-03-24 16:56:40', 168),
(16, 'Contrary to popular belief, Lorem Ipsum is not simply random text. It has roots in a piece of classical Latin literature from 45 BC, making it over 2000 years old. Richard McClintock, a Latin professor at Hampden-Sydney College in Virginia, looked up one of the more obscure Latin words, consectetur, from a Lorem Ipsum passage, and going through the cites of the word in classical literature, discovered the undoubtable source. Lorem Ipsum comes from sections 1.10.32 and 1.10.33 of \"de Finibus', '2018-03-24 16:59:40', 168),
(17, 'sdcsdcsdc', '2018-03-24 17:01:49', 168),
(18, '', '2018-03-24 17:07:43', 167),
(19, 'asdqwdqwdqwdqwdqwd', '2018-03-24 17:41:21', 167),
(20, 'qwdqwdqwdqwdqwdq', '2018-03-24 17:41:29', 152),
(21, '11111111111111111', '2018-03-24 17:51:36', 168),
(22, '', '2018-03-24 19:12:41', 168),
(23, '', '2018-03-24 19:13:32', 168),
(24, 'sdcsdcsdcs', '2018-03-24 19:15:17', 168),
(25, 'ascscasccaccc', '2018-03-24 19:15:22', 168),
(26, 'sdvefvfevefvefv', '2018-03-24 19:15:53', 168),
(27, '!@#$%^&*()_+', '2018-03-24 19:16:09', 168);

-- --------------------------------------------------------

--
-- Table structure for table `posts`
--

CREATE TABLE `posts` (
  `post_id` int(3) NOT NULL,
  `post_name` text NOT NULL,
  `post_content` text NOT NULL,
  `image` text NOT NULL,
  `visits` int(5) NOT NULL,
  `cat_id` int(11) NOT NULL
) ENGINE=InnoDB DEFAULT CHARSET=latin1;

--
-- Dumping data for table `posts`
--

INSERT INTO `posts` (`post_id`, `post_name`, `post_content`, `image`, `visits`, `cat_id`) VALUES
(127, 'The new Raspberry Pi has 5 GHz Wi-Fi and Bluetooth 4.2', '<p>There are quite a few&nbsp;<a href=\"https://www.raspberrypi.org/products/\">different Raspberry Pi models</a>&nbsp;in existence, but it&rsquo;s not too hard to keep them straight: new ones are better.</p>\r\n\r\n<p>For instance, the&nbsp;<a href=\"https://www.raspberrypi.org/blog/raspberry-pi-3-model-bplus-sale-now-35/\">brand new Raspberry Pi 3 Model B+</a>&nbsp;might have a confusing name, but it&rsquo;s a clear upgrade over 2016&rsquo;s&nbsp;<a href=\"https://www.theverge.com/2016/2/29/11122950/raspberry-pi-3-announced-price-specs-release-date\">Raspberry Pi 3 Model B</a>.</p>\r\n\r\n<p>The new board has a slightly faster 1.4 GHz quad-core processor, Bluetooth 4.2 (an upgrade from 4.1), and dual-band Wi-Fi. I&rsquo;m especially excited about the Wi-Fi upgrade, because for some reason&nbsp;<em>The Verge</em>&nbsp;offices only have 5 GHz available, so we have to use a rogue 2.4 GHz testing network to work with the Raspberry Pi and many other IoT devices.</p>\r\n', '5aa96d81492b95.92755752.jpg', 10, 1),
(128, 'GALAXY S9 PLUS VS. PIXEL 2 XL: A NEW LOW-LIGHT PHOTO CHAMPION?', '<p>Samsung&rsquo;s 2018 flagship phone, the Galaxy S9, is the first in the world with an f/1.5 lens aperture. But set aside all the hype about it being part of a dual-aperture system. What I really wanted to know about this change is how it might improve Samsung&rsquo;s low-light imaging. Having the widest aperture means being able to soak up the most light, so, in theory at least, the Galaxy S9 should be the best cameraphone for situations where light is at a premium. Except, well, there&rsquo;s Google&rsquo;s Pixel 2, which has taken over the mantle from the original Pixel as the best all-around camera on a phone. The Pixel achieves superlative results through clever image stacking and processing algorithms rather than pure hardware might. So it could still be the best.</p>\r\n\r\n<p>The only solution to this uncertainty, of course, was to put the two cameras to the test. While in Geneva for the Motor Show, I went out for a late-night walk with the Galaxy S9 Plus and the Pixel 2 XL and took a bunch of side-by-side photos. It&rsquo;s worth acknowledging that the S9 Plus also has a second telephoto lens and a super slow-motion mode that the Pixel lacks &mdash; both situationally useful features, which would figure in a more comprehensive camera comparison, but here I&rsquo;m only interested in the single-camera still photo performance.</p>\r\n', '5aa96dcf0252e7.49497681.jpg', 3, 1),
(129, 'You can now ask Google Home devices to send location-based reminders to your phone', '<p>Google Home devices now let you set location-based reminders. All you have to do is tell Google Assistant that you want to be reminded of something when you are at a certain location.</p>\r\n\r\n<p>You can say things like, &ldquo;Hey Google, set a reminder to pick up more coffee at the grocery store.&rdquo; Since your Google Home device stays at home, Google Assistant will then send you a reminder on your phone once you reached the location, assuming your location services are on. You can also specify the kind of store, like a Walmart or a Starbucks.</p>\r\n\r\n<p>Previously, users were only able to set location-based reminders on their phones and not on Google Home devices.</p>\r\n', '5aa96e116fdee8.60006490.jpg', 6, 1),
(131, 'Tesla files permit for ‘restaurant and Supercharger station’ in Santa Monica', '<p>Elon Musk&rsquo;s&nbsp;<a href=\"https://twitter.com/elonmusk/status/949831212326993920?ref_src=twsrc%5Etfw&amp;ref_url=http%3A%2F%2Fwww.thedrive.com%2Ftech%2F19202%2Ftesla-files-permit-for-supercharging-station-with-drive-in-restaurant\">dream</a>&nbsp;of building a 1950s-themed Tesla Supercharger station, complete with rockabilly music and roller skates, is closer to becoming a reality after&nbsp;<a href=\"http://www.thedrive.com/tech/19202/tesla-files-permit-for-supercharging-station-with-drive-in-restaurant\"><em>The Drive</em></a><em>&nbsp;</em>noticed a permit filed with the city of Santa Monica for a &ldquo;Tesla restaurant and supercharger station.&rdquo;</p>\r\n\r\n<p>A Tesla spokesperson wouldn&rsquo;t confirm whether an &ldquo;old school drive-in, roller skates &amp; rock restaurant&rdquo; was indeed the plan for this particular location, but allowed that it was possible. (Tesla&rsquo;s PR department spends an inordinate amount of time scrambling to explain their boss&rsquo;s enigmatic tweets.)</p>\r\n', '5aa96efb57f689.17488364.jpg', 9, 2),
(132, 'The big difference between MWC and the Geneva Motor Show is that Europe still matters in the car industry', '<p>Over the past 20 years, as the cellphone has transitioned from a buttoned-down soap bar to a world-conquering glass slab, one of the sad changes I&rsquo;ve witnessed from up close has been the fading influence of Europe. Where once your choice of phone was among Nokia, Ericsson, Siemens, and others from the old continent, today only one of those brands remains, and it&rsquo;s being&nbsp;<a href=\"https://www.theverge.com/2016/5/18/11699702/nokia-is-coming-back-to-phones-and-tablets\">operated under license</a>. The truth of the mobile market now is that Europe is the flyover agglomeration of states between China and the US, who are the current industrial and economic superpowers. Three of the world&rsquo;s five biggest phone manufacturers operate primarily in China, while the most profitable duo of Apple and Samsung both consider the United States their most important market.</p>\r\n\r\n<p>The same is not true of the car industry. At least not yet. My experience of&nbsp;<a href=\"https://www.theverge.com/2018/2/28/17055596/samsung-galaxy-s9-nokia-vivo-mwc-2018\">Mobile World Congress</a>&nbsp;in Barcelona a week ago and the&nbsp;<a href=\"https://www.theverge.com/2018/3/9/17097696/pixel-2xl-geneva-motor-show-2018\">Geneva Motor Show</a>&nbsp;this week showed the stark contrast between the phone and auto industries. Cars today are like phones were two decades ago: on the precipice of a fundamental change, led by big European companies, but surrounded by uncertainty about the exact shape and speed of change to come.</p>\r\n', '5aa96f35579442.63596172.jpg', 6, 2),
(133, 'This Hyundai dune buggy concept also turns into a watercraft', '<p>There were&nbsp;<a href=\"https://www.theverge.com/2018/3/6/17085178/geneva-motor-show-2018-best-cars-honda-toyota-audi\">a&nbsp;<em>lot</em>&nbsp;of awesome and bizarre vehicles</a>&nbsp;at this year&rsquo;s Geneva Motor Show, but I think I found the one I want the most: this concept dune buggy / Jet Ski mashup from Hyundai.</p>\r\n\r\n<p>Designed in partnership with the Istituto Europeo di Design, the Hyundai Kite is an all-electric four-wheeler that can also apparently double as a personal watercraft. It&rsquo;s a true design concept, meaning there are no real specs to speak of, but the general idea is there&rsquo;s an electric motor in each wheel powering the all-wheel drive performance on land and a water jet turbine that takes over once you&rsquo;re out on a lake or ocean.</p>\r\n\r\n<p>Exactly how the ingress and egress work isn&rsquo;t totally clear, and there&rsquo;s no plan to put the thing into production, but as far as personal vehicles go, this is the kind of idea I can get behind. It&rsquo;s got the open-air freedom of an ATV with the added value of being able to drive it to a dock to go rip donuts in a lake. Other than a flight mode, what more could you want?</p>\r\n', '5aa96f676c6172.58435098.jpg', 15, 2),
(135, 'Stephen Hawking was a brilliant physicist and a pop culture icon', '<p>Physicist Stephen Hawking, known for his pioneering brilliance,&nbsp;<a href=\"https://www.theverge.com/2018/3/14/17118570/stephen-hawking-dies\">died today</a>&nbsp;at the age of 76. He is best known for his work on black holes and theoretical physics, but he also made many pop cultural appearances in films, TV shows, books, and comics. Hawking has been referenced and made direct appearances in shows like&nbsp;<em>The Simpsons, Futurama,</em>&nbsp;and&nbsp;<em>The Big Bang Theory&nbsp;</em>as well as the&nbsp;<em>X-Men&nbsp;</em>comics,&nbsp;<em>Star Trek: The Next Generation</em>, and&nbsp;<em>Doctor Who.</em></p>\r\n\r\n<p>Most famously, Hawking made multiple appearances in&nbsp;<em>The Simpsons.&nbsp;</em>In one scene in the season 10 episode &ldquo;They Saved Lisa&rsquo;s Brain,&rdquo; Homer&nbsp;<a href=\"https://www.youtube.com/watch?v=uIDTQ5BoKP8\">has a beer</a>&nbsp;with Hawking at Moe&rsquo;s Tavern. &ldquo;Your theory of a donut-shaped universe is intriguing, Homer,&rdquo; Hawking quips. &ldquo;I may have to steal it.&rdquo; He was featured in&nbsp;<a href=\"https://www.youtube.com/watch?v=-HeLhNNn4Ck\">an MC battle</a>&nbsp;with the band Flight of the Conchords in another episode, complete with an E=mc2 neck chain. Hawking has called&nbsp;<em>The Simpsons</em>&ldquo;the best thing on American television,&rdquo;&nbsp;<a href=\"https://www.youtube.com/watch?v=ei-pKsNiINk\">stating</a>&nbsp;that &ldquo;almost as many people know me through&nbsp;<em>The Simpsons</em>&nbsp;as through my science.&rdquo;</p>\r\n', '5aa97051217c90.25904199.jpg', 22, 3),
(136, 'How uncomfortable space suits took a toll on the first Americans who went to space', '<p>Going to space did change the bodies of the first US astronauts &mdash; but it was more linked to the long time they spent wearing uncomfortable space suits than the time they spent in zero gravity, according to new research.</p>\r\n\r\n<p>The US sent humans into space for the first time during&nbsp;<a href=\"https://en.wikipedia.org/wiki/Project_Mercury\">Project Mercury</a>, whose six flights spanned 1961 to 1963. Before and after the flights &mdash; which ranged from 15 minutes to 34 hours &mdash; astronauts were tested for heart rate and activity, body temperature, urination, fluid intake, and weight loss. Though almost all the research has been previously published, a report&nbsp;<a href=\"https://www.nature.com/articles/s41526-018-0040-5\">published today in the journal&nbsp;<em>Nature</em></a>&nbsp;is the first to analyze all that science in one place. It found that all the astronauts had heart-rate increases and some weight loss after returning to Earth &mdash; and that these changes were correlated more with time wearing the space suit than time in (real or simulated) flight.</p>\r\n', '5aa9707ad21005.57642575.jpg', 9, 3),
(137, 'Uber Eats expands to 100 new cities in Europe, Middle East, and Africa', '<p>Uber&rsquo;s food delivery service Uber Eats is expanding to over 100 cities in Europe, the Middle East, and Africa,&nbsp;<a href=\"https://techcrunch.com/2018/03/12/uber-eats-will-expand-to-100-new-cities-in-europe-the-middle-east-and-africa-in-2017/\"><em>TechCrunch&nbsp;</em>reports</a>. Specifically, the service will launch for the first time in Ireland, Egypt, Kenya, Ukraine, Romania, and the Czech Republic, along with previously announced markets around the globe, a spokesperson confirmed.</p>\r\n\r\n<p>The service will launch in around 40 new cities in the UK and 35 new cities in France. Presently, Uber Eats operates in 200 cities around the globe, including some locations where Uber&rsquo;s primary ride-hailing service has yet to launch.</p>\r\n', '5aa970d76a8180.09139880.jpg', 9, 3),
(138, 'Ecobee’s new Switch+ puts Alexa in your light switch', '<p>The future of the voice-controlled home isn&rsquo;t in putting Echo Dots or Google Home Minis all over your house, it&rsquo;s in integrating voice assistants into the appliances and electronics you already need. That means putting Alexa, Google Assistant, Siri, Cortana, or whatever comes next into your thermostat, oven, microwave, TV, or even a light switch.</p>\r\n\r\n<p>The company that&rsquo;s at the forefront of this tighter integration with your home is Ecobee, which already has integrated a full Alexa-enabled speaker and voice control system into its&nbsp;<a href=\"https://www.theverge.com/2017/9/25/16349860/ecobee4-thermostat-alexa-smarthome-review\">flagship thermostat</a>, giving you another voice access point wherever your thermostat is installed. Now Ecobee is branching out into light switches, and its new Switch+ similarly includes a full smart speaker and voice control access point. The Switch+ sells for $99.99 and is available for preorder starting today, with in-store availability starting on March 26th.</p>\r\n', '5aa97139391411.65676735.jpg', 8, 4),
(139, 'ASUS ZENBOOK FLIP 14 Review: Portable power', '<p>his is the future of ultraportable laptops: a machine capable of 3D editing and Photoshop without bending under pressure or giving up anything in portability. Everything about Asus’ new ZenBook Flip 14 looks and sounds standard for a 2-in-1 laptop — a thin body, a powerful processor, great battery life — except for this: a discrete graphics chip. It’s what makes the ZenBook Flip 14 unique from the many other 2-in-1s available.</p>\r\n\r\n<p>Intel and AMD are still working on their collaboration for more powerful GPUs in ultrabooks, but the ZenBook Flip 14 uses Nvidia’s new GeForce MX150 chip. The MX series of chips is Nvidia’s solution for boosting graphical performance in ultrabooks and 2-in-1s. Performance-wise, the MX150 fits into the lower branch of GTX 10 cards, beneath the VR-capable GTX 1050.</p>\r\n\r\n<p>So, with all that power, can the ZenBook Flip 14 be a great portable <em>and</em> game laptop? Let’s find out.</p>\r\n ', '5aa971a2aa7926.78246539.jpg', 12, 4),
(145, 'Spotify’s experimental voice control feature is an excellent end run around Siri', '<p>Spotify is testing a voice search feature that lets users more quickly access their favorite artists, tracks, albums, and playlists. The feature, which appears based on a 2017 experiment involving a &ldquo;<a href=\"https://www.theverge.com/2017/7/7/15937284/spotify-driving-mode-feature-testing\">driving mode</a>,&rdquo; has begun appearing inside the iOS app for a small number of users. I got early access to the test and tested out the feature set. In short, it&rsquo;s an excellent step forward for navigation in app that has historically required too much tapping and typing to get where you&rsquo;re going.</p>\r\n\r\n<p>Spotify confirmed the test but didn&rsquo;t want to talk about it. &ldquo;We&rsquo;re always working on improving the Spotify experience for our users, but we don&rsquo;t have any information to share at this time,&rdquo; the company said.</p>\r\n\r\n<p>To access the new voice search feature, you tap the magnifying glass icon at the center of the bottom row of tabs. If you have it, you&rsquo;ll see a microphone icon inside a white bubble in the lower-right hand corner of the screen.</p>\r\n', '5aad35446ff041.70599941.jpg', 6, 1),
(148, 'Fortnite brings out the ten-year-old fort builder in all of us', '<p><em>Fortnite: Battle Royale</em>&nbsp;hasn&rsquo;t quite grabbed me. While the game is at least accurately named, the gunplay&mdash;originally designed to let players mow down hordes of mostly mindless AI bots&mdash;isn&rsquo;t as suited for culling other human players in a Battle Royale mode. Developer Epic Games seems to know this and is tirelessly tuning the overnight smash hit&rsquo;s bullet burping. And while&nbsp;<a href=\"https://www.epicgames.com/fortnite/en-US/news/postmortem-of-service-outage-at-3-4m-ccu\">3.4 million concurrent players</a>&nbsp;(as of February) don&rsquo;t seem dissuaded by this continued fine-tuning, I still feel like the gameplay isn&rsquo;t quite up to snuff.</p>\r\n\r\n<p>Yet I still can&rsquo;t stop thinking about the game. That&rsquo;s partly because it&rsquo;s seemingly the biggest game on the planet&mdash;hot on the heels of&nbsp;<a href=\"https://arstechnica.com/gaming/2017/09/pubg-vs-fortnite-a-game-genre-copycat-face-off-heats-up/\">the extremely similar, previously biggest game on the planet</a>,&nbsp;<em>PlayerUnknown&rsquo;s Battlegrounds</em>. But it&rsquo;s not just that.&nbsp;<em>Fortnite</em>&nbsp;appeals to me, personally, because it does more than remind me of my past. It gives me glimpses into an alternate present.</p>\r\n\r\n<h2>An engineer deferred</h2>\r\n\r\n<p>There was a time, long before I even cared about video games (much less wrote about them), when I seemed fated to become some kind of engineer. That was how my parents saw my future, anyway; the two farmers-turned-bankers didn&rsquo;t have many positive things to say about career prospects that didn&rsquo;t involve a lot of math. So my creative endeavors (mostly drawing, back then) always led to a response like, &ldquo;Yeah, that would make a good hobby.&rdquo;</p>\r\n\r\n<p>I didn&rsquo;t particularly mind this narrow career ideal at the time. I&nbsp;<em>liked</em>&nbsp;building things. Between soccer and speech classes, I filled sketchbooks with impractical structures and robots. Two of my uncles, both engineers themselves, humored me by helping with mock-up Battle Bot &ldquo;schematics&rdquo; that never left the page.</p>\r\n\r\n<p>A bit of that old obsession has resurfaced in&nbsp;<em>Fortnite: Battle Royale</em>. The shooting may not meet my gameplay standards, but racing to build the most efficient fortresses sure does. And that&rsquo;s just how most of&nbsp;<em>Fortnite</em>&rsquo;s pitched battles end&mdash;in spastic competitions to raise zig-zagging siege towers, each player looking to gain high ground over (and cover from) the other.</p>\r\n\r\n<p><em>Fortnite</em>&nbsp;really takes me back to those days of Battle Bots and uncles, and the scads of tree forts that arose from that same obsession with making something out of nothing. My brother, friends, and cousins built those forts in the woods near a park and in the&nbsp;<a href=\"http://www.mda.state.mn.us/protecting/conservation/practices/shelterbelt.aspx\">shelterbelts</a>&nbsp;overlooking the creek behind my grandmother&rsquo;s place. We even set up a sort of wall-less headquarters (reinforced with snow during the winter) between three pine trees which, I would later find out, belonged to our mayor.</p>\r\n', '5aad368c1c9470.41774845.jpg', 3, 1),
(149, 'Making The Grade: Making sense of Apple’s current MacBook line for education', '<p><em><strong>Making The Grade</strong>&nbsp;is a new weekly series from Bradley Chambers covering Apple in education. Bradley has been managing Apple devices in an education environment since 2009. Through his experience deploying and managing 100s of Macs and 100s of iPads, Bradley will highlight ways in which Apple&rsquo;s products work at scale, stories from the trenches of IT management, and ways Apple could improve its products for students.</em></p>\r\n\r\n<hr />\r\n<p>There&rsquo;s been a lot of discussion in the Apple community lately about MacBook Pro vs. MacBook Air vs. MacBook. Each laptop has its pros and cons, but I want to consider which one makes the most sense in education.</p>\r\n\r\n<p>I had to do this process two years ago when I was planning our technology refresh at our school. I came up with a list of guidelines that I considered to be important, and then let those guidelines help me determine what laptop was best for us.</p>\r\n\r\n<ol>\r\n	<li>Compatibility with existing hardware (projectors, TVs, etc.)</li>\r\n	<li>The maturity of hardware (for reliability)</li>\r\n	<li>Price vs. function</li>\r\n</ol>\r\n\r\n<p>While that may seem like a straightforward list, it contains some critical decisions that can impact the overall price significantly. When buying more than a couple of laptops, small equipment decisions can add tens of thousands of dollars to your quote.</p>\r\n', '5aad36ccaab090.00897880.jpg', 3, 1),
(150, 'New Windows 10 Skip Ahead build forces Mail app users to open links in Edge', '<p>On Friday, Microsoft released a new build of Windows 10 for&nbsp;<a href=\"https://blogs.windows.com/windowsexperience/2018/03/16/announcing-windows-10-insider-preview-build-17623-for-skip-ahead/#hgfj5Yhg9HuAiAUL.97\">Insiders in the Skip Ahead program</a>: Build 17623. It&rsquo;s an early taste of Redstone 5, the company&rsquo;s next big update for the operating system planned for the fall. Buried down in the general changes/improvements/fixes list is an alarming entry stating that Microsoft is now testing a feature that automatically opens&nbsp;<a href=\"https://www.digitaltrends.com/computing/heres-how-to-fix-17-common-problems-with-microsoft-edge/\">Microsoft Edge</a>&nbsp;when you click on a link within the Windows Mail app, regardless of what browser you have set as the default.&nbsp;</p>\r\n\r\n<p>Microsoft wants feedback from the Insider community, but the response may not be pretty. Forcing customers to use a specific web browser may not sit well, as the move could indicate that&nbsp;the company is intent on stringing its Windows 10 apps together to lock out third-party solutions. Choice is important, and this &ldquo;test&rdquo; feature seemingly removes that option in the name of &ldquo;security&rdquo; and &ldquo;battery life.&rdquo;</p>\r\n\r\n<p>&ldquo;[Edge] provides the best, most secure and consistent experience on Windows 10 and across your devices,&rdquo; the company states. &ldquo;With built-in features for reading, note-taking, Cortana integration, and easy access to services such as SharePoint and OneDrive, Microsoft Edge enables you to be more productive, organized and creative without sacrificing your&nbsp;battery life&nbsp;or security.&rdquo;&nbsp;</p>\r\n\r\n<p>Outside the worrisome linkage news, the new build introduces the High Efficiency Image File format to Windows 10 and the Photos app. Shortened to HEIF, it&rsquo;s an image file format that supposedly crams more information into one image than a JPEG file. It can even contain HEVC-encoded images and image sequences. The drawback, for now, is that Insiders cannot edit HEIF images with this build.&nbsp;</p>\r\n', '5aad3738473b10.42175545.jpg', 4, 1),
(151, 'Tinder’s parent company, Match Group, is suing dating app Bumble for patent infringement', '<p>Match Group, the online dating company that owns services like Tinder and Match.com, wants to buy Bumble, another popular dating app that lets women make the first move.</p>\r\n\r\n<p>But Match may be trying to push the deal along in an unconventional way: A new patent infringement lawsuit filed late Friday in U.S. District court in Waco, Texas.</p>\r\n\r\n<p>Match Group is suing Bumble, which was founded by one of Tinder&rsquo;s co-founders, for infringing on two of its patents, including a design patent for Tinder&rsquo;s now-famous swipe-to-connect feature, according to the suit.</p>\r\n\r\n<p>Match also claims that early Bumble executives Chris Gulczynski and Sarah Mick, who both previously worked at Tinder, stole &ldquo;confidential information related to proposed Tinder features,&rdquo; including the idea for a feature that lets users go back if they accidentally skip someone, according to the suit.</p>\r\n\r\n<p>A Match Group spokesperson sent&nbsp;<strong>Recode</strong>&nbsp;the following statement.</p>\r\n', '5aad376d31c486.38005652.jpg', 8, 1),
(152, 'Bixby Gets Lowe’s As Retail Partner On Samsung Galaxy S9', '<p>Lowe&rsquo;s Home Improvement is becoming Bixby&rsquo;s retail partner on the Galaxy S9 and&nbsp;<a href=\"https://www.androidheadlines.com/samsung-galaxy-s9-plus\" target=\"_blank\">Galaxy S9 Plus</a>, Samsung&rsquo;s latest Android flagships that officially started retailing yesterday. The move will allow the chain of home improvement and appliance stores to offer its products through the Bixby Vision service, i.e. allow consumers to purchase them online after the artificial intelligence assistant identifies them. In practice, users will be able to scan objects in their vicinity and add them to their virtual shopping carts if Bixby successfully manages to recognize them and identify a&nbsp;partner retailer that&rsquo;s selling them. The augmented reality shopping service originally debuted with the Galaxy S8 and Galaxy S8 Plus early last year and has been adding new partners to its ecosystem ever since.</p>\r\n', '5aad37a9c4d7e9.70877490.jpg', 48, 1),
(153, 'Something strange is happening to Jupiter’s Great Red Spot', '<p>Jupiter&rsquo;s Great Red Spot is perhaps the most iconic feature of any planet in our Solar System. It&rsquo;s instantly recognizable, and the massive cyclone has been swirling for so long that we&rsquo;ve taken for granted that it&rsquo;ll always be there. Recent observations have shown that, unfortunately, that&rsquo;s not the case. The storm is dying &mdash; the latest data from the Juno spacecraft suggests it might actually&nbsp;<a href=\"http://bgr.com/2018/02/19/jupiters-great-red-spot-may-be-dying-and-could-disappear-within-our-lifetimes/\">be gone within our lifetimes</a>&nbsp;&mdash; and a new research paper by scientists at NASA suggests that it&rsquo;s actually change in both shape and color as it enters its twilight years.</p>\r\n\r\n<p>Juno&rsquo;s latest images have revealed some surprising changes to the storm, which is now smaller in diameter than has ever before been observed. Its swirling winds are reaching higher into the planet&rsquo;s atmosphere than before, stretching the storm taller as they swirl upward. At the same time, its iconic crimson hue is becoming more orange, likely as a result of the highest gasses being exposed to ultraviolet radiation.</p>\r\n', '5aad380186ced9.59780205.jpg', 4, 3),
(154, 'Stephen Hawking Lived Beyond His Body', '<p>Midnight. As I was browsing the internet, I saw, like shooting stars, emails suddenly appear and disappear from the right-hand corner of my computer screen. The first from CNN announcing the death of Stephen Hawking, the second from an editor at&nbsp;<em>The</em>&nbsp;<em>Atlantic</em>&nbsp;asking me to write about him.</p>\r\n\r\n<p>I had written about the man for 10 years&mdash;as a biographer of some sort, or an anthropologist of science to be more precise, studying the traces of Hawking&rsquo;s presence. But now I felt a powerless inertia, unable to write anything. I didn&rsquo;t think I would be affected by his death, but it touched me deeply. I was overwhelmed by the numerous articles that started to appear all over the world doing precisely what I had studied for so long and so carefully: recycling over and over again the same stories about him. Born 300 years after the death of Galileo Galilei, holder of Cambridge&rsquo;s Lucasian Chair of Mathematics (once held by Isaac Newton), and now &hellip; died on the same day Albert Einstein was born. The life paths of history&rsquo;s most iconic scientists intersected in weird ways. The puzzle seemed complete: Hawking had fully entered the pantheon of the great.</p>\r\n', '5aad382f3290f8.20800611.jpg', 4, 3),
(155, 'Early Humans Mated With Neanderthal Relative Denisovans At Least 2 Times', '<p>Early humans apparently mated outside of their species, particularly with the Denisovans, not just once but at least twice. An early species of hominins, the Denisovans were closely related to neanderthals.</p>\r\n\r\n<p>Denisovans lived across Asia and have been discovered only in recent time.</p>\r\n\r\n\r\n\r\n<p>A new study <a href=\"https://www.sciencedaily.com/releases/2018/03/180315140718.htm\">published</a> in <em>Cell </em>shows that there are two different regions in Asia where humans contain the Denisovan DNA. This finding indicates that the Denosivans had sexual encounter with humans on two occasions.</p>\r\n\r\n<p>Scientists compared the Denisovan genome to 5,600 whole-genome sequences of people from Europe, Asia, North and South America, and Oceania. Results from the comparison show two different populations of Denisovans, one in Asia and one in Oceania.</p>\r\n\r\n<p>A Denisovan population was already known to live in Oceania. People from Papua New Guinea were found to contain about 5 percent Denisovan ancestry.</p>\r\n\r\n<p>The new population of <a href=\"http://www.techtimes.com/articles/200286/20170305/ancient-skulls-found-in-china-could-be-rare-evidence-of-neanderthal-cousin-denisovans.htm\">Denisovans</a> is found to be from East Asia, which includes the Han Chinese, Chinese Dai, and Japanese people. They were a much closer match for Denisovan DNA than the Papuan people.</p>\r\n', '5aad3857493f90.22786938.jpg', 8, 3),
(156, 'No, astronaut Scott Kelly’s DNA did not mutate during his year in space', '<p>In March 2016, NASA astronaut Scott Kelly&nbsp;<a href=\"http://www.tampabay.com/news/science/1-year-spaceman-tired-joints-ache-cant-sink-basketball/2268055\" target=\"_blank\">returned from an unprecedented 340-day mission on the International Space Station</a>. A year later, his doctors released preliminary results of an extensive study comparing his health to that of his earthbound identical twin brother, Mark. And this past January, NASA announced that attendees at a recent scientific workshop agreed on the initial medical conclusion &mdash; that space travel takes a significant toll and can result in changes at the molecular level.</p>\r\n\r\n<p>At no point in that process was Scott Kelly zapped by an alien laser beam, attacked by a xenomorph or otherwise transfigured into a previously unknown mutant variety of human.</p>\r\n\r\n<p>But you wouldn&rsquo;t know that from reading some of the coverage the January announcement inexplicably spawned this week &mdash; articles claiming that the mission activated Kelly&rsquo;s &quot;space genes,&quot; that 7 percent of his genes didn&rsquo;t return to normal post-spaceflight, and that he and Mark are no longer identical twins.</p>\r\n', '5aad38c7472d62.88438911.jpg', 24, 3),
(157, 'Primitive Tools Found In Kenya Shows Evidence Of Early Innovation And Trade', '<p>Tool usage is one of the things that set humans apart from most of the animal kingdom, and 20 years ago, it was believed that a &quot;human revolution&quot; of skill and innovation happened among early humans about 50,000 years ago, along with symbolism and art. New findings in Kenya suggest that such developments may have occurred significantly earlier than believed and possibly due to environmental changes.</p>\r\n\r\n<h3>Tools From The Kenya Site</h3>\r\n\r\n<p>In three studies, researchers who studied evidence from the Olorgesailie Basin in Kenya map out a possibly new understanding of when human ancestors began innovating and how this change may not have been as gradual as earlier believed.</p>\r\n\r\n<p>In one study, researchers detailed some of their incredible findings, one of which are 300,000-year-old paleo-crayons or black pigments that were not locally sourced but instead imported, suggesting that trade with other&nbsp;<a href=\"http://www.techtimes.com/articles/222906/20180313/hunter-gatherers-thrived-through-volcanic-winter-after-mount-toba-supervolcano-eruption.htm\">hunter-gatherer</a>&nbsp;groups possibly occurred. Furthermore, they also found traces of obsidian tools and weapons at the site but no local source for it, again suggesting a trade situation especially since there were also other groups living at the nearest possible obsidian source.</p>\r\n', '5aad3908ae5232.74883525.jpg', 12, 3),
(159, '5 things in Geneva you won’t see at the NAIAS in Detroit\r\n\r\n', '<p>As the&nbsp;<a href=\"http://autoweek.com/auto-shows/geneva-motor-show\">88th&nbsp;Salon International de l&#39;Automobile&nbsp;</a>winds down, it&rsquo;s a good time to present some of the less publicized vehicles shown this year in&nbsp;<a href=\"http://autoweek.com/auto-shows/geneva-motor-show\">Geneva</a>. These aren&rsquo;t the machines you&rsquo;ll read about in the typical show report, but they&rsquo;re the sort you&rsquo;ll see at small stands in the vast Palexpo exhibition hall, right next to Geneva&rsquo;s airport, year in and year out.</p>\r\n\r\n<p>Switzerland is all about neutrality. It&rsquo;s said Geneva endures because it&rsquo;s a level playing field for the world&#39;s car builders, in a wealthy country with no native auto industry (Sbarro withstanding). That may be correct, but it&rsquo;s also true that Geneva as a marketplace covers a much broader spectrum than&nbsp;<a href=\"http://autoweek.com/auto-shows/detroit-auto-show\">Detroit&nbsp;</a>or&nbsp;<a href=\"http://autoweek.com/auto-shows/tokyo-motor-show\">Tokyo&nbsp;</a>or&nbsp;<a href=\"http://autoweek.com/auto-shows/frankfurt-motor-show\">Frankfurt</a>. It&rsquo;s not just the regular automotive traffic from Europe, Japan and North America, but also wealthy car folk from Russia, the Middle East, India, Africa and increasingly China. And there&rsquo;s a good chance these folks have stashed some wealth somewhere in Switzerland.</p>\r\n\r\n<p>Here, then, are five things from Geneva that you won&rsquo;t see at Detroit, or New York or Los Angeles for that matter. You probably won&rsquo;t see them at your next cars-and-coffee, either, but you&rsquo;d definitely check them out if you did.</p>\r\n\r\n<p><br />\r\n<br />\r\nRead more:&nbsp;<a href=\"http://autoweek.com/article/car-news/five-things-geneva-you-wont-see-naias-detroit#ixzz5A1QYoaO1\">http://autoweek.com/article/car-news/five-things-geneva-you-wont-see-naias-detroit#ixzz5A1QYoaO1</a></p>\r\n', '5aad3a07a4d466.80051495.jpg', 6, 2),
(162, 'Nissan rekindles body-on-frame SUV — in China', '<p>NASHVILLE &mdash; Offroaders&#39; ears perked up recently when Nissan revealed it intends to market a new four-wheel-drive midsize body-on-frame SUV called the Terra this spring.</p>\r\n\r\n<p>But alas &ndash; not for the U.S. market. Not yet, at least.</p>\r\n\r\n<p>The Terra has been created for China and other Asian markets to follow, Ashwani Gupta, global head of light commercial vehicles for the Renault-Nissan-Mitsubishi Alliance, told&nbsp;<em>Automotive News</em>.</p>\r\n\r\n<p>Gupta says there is a growing demand in China for a go-anywhere SUV, built like rugged SUVs of old &mdash;meaning a pickup-based body-on-frame architecture, rather than the more refined unibody crossover construction now favored in the U.S. market.</p>\r\n\r\n<p>The Terra will be built in China on the same assembly line as the China-market Navara pickup.</p>\r\n\r\n<p>The name &quot;Terra&quot; is just one letter short of &quot;Xterra,&quot; the name for the four-wheel-drive midsize body-on-frame SUV that Nissan sold in the United States from 1998 through the 2015 model year. The Xterra was a popular U.S. model before the rise of car-based crossovers eclipsed it. Nissan discontinued it, according to company sources, when more demanding federal EPA regulations made it difficult to redesign in its existing form.</p>\r\n', '5aad3b59142253.73862721.jpg', 9, 2),
(163, 'New Cars for 2018: Mini', '<p><strong>Countryman:&nbsp;</strong>The all-new mini SUV made its debut late in the 2017 model year, available in Cooper, Cooper S, and&nbsp;<a href=\"https://www.caranddriver.com/mini/cooper-countryman-s-jcw\" target=\"_self\">John Cooper Works</a>&nbsp;spec. And now the&nbsp;<a href=\"https://www.caranddriver.com/mini/cooper-countryman\" target=\"_self\">Countryman</a>&nbsp;gets an electrified variant, featuring a 134-hp, turbo 1.5-liter inline-three for the front axle and an 87-hp electric motor driving the rear. Combined system output is a respectable 221 horsepower and 284 lb-ft. A 7.6-kWh lithium-ion battery stores enough juice for up to 12 miles of electric-only motivation. Pricing starts at $37,650 for the plug-in, which hits dealerships this fall. Each conventionally powered Countryman receives minor changes for the new year.</p>\r\n', '5aad3bb714c568.45922918.jpg', 9, 2),
(164, 'Mercedes-Benz', '<p><strong>AMG GT:&nbsp;</strong>This sports-car lineup continues to balloon. Benz promises there will be six iterations of&nbsp;<a href=\"https://www.caranddriver.com/mercedes-amg/gt-gt-s\" target=\"_self\">GT</a>&nbsp;by early 2018 [see &ldquo;<a href=\"https://www.caranddriver.com/news/mercedes-benz-for-2018-whats-new-feature#MercedesAMGChokes\" target=\"_self\">Mercedes-AMG Chokes</a>&rdquo;]. To parse these out, the GT R wears a full aero kit and boasts 577 horsepower (62 more than the GT S&rsquo;s 515-hp twin-turbo 4.0-liter V-8). The GT C slots between the S and the R with an even 550 horsepower. A&nbsp;<a href=\"https://www.caranddriver.com/mercedes-amg/gt-gt-c-roadster\" target=\"_self\">roadster</a>&nbsp;body style is now available on the 469-hp GT and the new C iteration.</p>\r\n\r\n<p><strong>C-class:&nbsp;</strong>A new nine-speed transmission replaces the old seven-speed, improving the&nbsp;<a href=\"https://www.caranddriver.com/mercedes-benz/c-class\" target=\"_self\">C</a>&rsquo;s run to 60 mph by a claimed 0.2 second.</p>\r\n\r\n<p><strong>E-class:&nbsp;</strong>The new&nbsp;<a href=\"https://www.caranddriver.com/mercedes-benz/e-class\" target=\"_self\">E400</a>&nbsp;sedan uses the 329-hp twin-turbo V-6 previously restricted to the&nbsp;<a href=\"https://www.caranddriver.com/mercedes-benz/e-class-wagon\" target=\"_self\">E400 wagon</a>, solving the non-AMG E&rsquo;s sole flaw: speed (or lack thereof). The pokier four-cylinder E300 remains, while the 603-hp V-8&ndash;powered&nbsp;<a href=\"https://www.caranddriver.com/mercedes-amg/e63-s-4matic\" target=\"_self\">E63 AMG S</a>&nbsp;reasserts its place atop the E-class hierarchy in both sedan and wagon forms. The two-door E-class coupe and cabriolet rejoin the lineup, too, both in 329-hp E400 guise and available with or without 4MATIC all-wheel drive.</p>\r\n', '5aad3bf1b82256.53428695.jpg', 7, 2),
(165, 'McLaren', '<p><strong>570S Spider:&nbsp;</strong>Using the proven retractable-top concept from the 650S Spider, the 570S&rsquo;s two-piece roof can be lowered or raised in 15 seconds. To compensate for the altered roofline, the rear spoiler is a half-inch taller than the coupe&rsquo;s. Though going topless adds roughly 100 pounds, McLaren promises that performance will not be affected, claiming that the Spider&rsquo;s roof-down top speed is a hair-follicle-straining 196 mph. Get yours now for $211,300.&nbsp;<a href=\"https://www.caranddriver.com/reviews/2018-mclaren-570s-spider-first-drive-review\" target=\"_self\">see first drive &rsaquo;&rsaquo;</a></p>\r\n\r\n<p><strong>720S:&nbsp;</strong>This 650S successor gets a beefed-up twin-turbo V-8, displacing 4.0 liters and producing a more than adequate 710 horsepower. Replacing aluminum bits in the 650&rsquo;s body with carbon fiber not only reduces weight but also strengthens the overall structure. For $288,845, you get a car that looks like pure sex.</p>\r\n', '5aad3c20950284.57389905.jpg', 72, 2),
(166, 'How to turn off Bixby on the Samsung Galaxy S9, S8, and Note 8', '<p>The Galaxy S9 has&nbsp;<a href=\"https://www.theverge.com/circuitbreaker/2018/3/16/17128824/samsung-galaxy-s9-available-price-specs-android\">arrived in the United States</a>&nbsp;and around the world. After unboxing Samsung&rsquo;s latest flagship phone and fawning over its sleek design (and the inclusion of an actual headphone jack), it probably won&rsquo;t be long before you find yourself hitting the dedicated Bixby button. If you&rsquo;re a fan of the assistant and its powerful ability to control apps and change settings, maybe you&rsquo;ll be doing so intentionally.</p>\r\n\r\n<p>But a lot of you will inevitably bring up Bixby when you mean to change the volume; the buttons are a little too close together to avoid the occasional mistake. If you find it happening often, you&rsquo;ve got the option of disabling Bixby entirely. That way, accidental presses of the button will have no effect. Bixby won&rsquo;t interrupt what you&rsquo;re doing, and you won&rsquo;t have to waste time dismissing it.</p>\r\n\r\n<p>RELATED</p>\r\n', '5aad3cd24c35a7.15139504.jpg', 7, 4),
(167, 'GALAXY S9 PLUS VS. PIXEL 2 XL: A NEW LOW-LIGHT PHOTO CHAMPION?', '<p>Samsung&rsquo;s 2018 flagship phone, the Galaxy S9, is the first in the world with an f/1.5 lens aperture. But set aside all the hype about it being part of a dual-aperture system. What I really wanted to know about this change is how it might improve Samsung&rsquo;s low-light imaging. Having the widest aperture means being able to soak up the most light, so, in theory at least, the Galaxy S9 should be the best cameraphone for situations where light is at a premium. Except, well, there&rsquo;s Google&rsquo;s Pixel 2, which has taken over the mantle from the original Pixel as the best all-around camera on a phone. The Pixel achieves superlative results through clever image stacking and processing algorithms rather than pure hardware might. So it could still be the best.</p>\r\n', '5aad3cf539ce70.84728054.jpg', 57, 4),
(168, 'MICROSOFT SURFACE PRO LTE REVIEW: THE TRUE MOBILE COMPUTER IS HERE', '<p>For the past week or so, I&rsquo;ve been using a computer to work from a train, at a park, and in a coffee shop. That&rsquo;s all pretty normal, but what&rsquo;s been unique about this past week is I haven&rsquo;t had to connect to Wi-Fi or bother setting up a hot spot on my phone once, thanks to this computer&rsquo;s built-in LTE connection. Wherever I&rsquo;ve gone, the internet has followed.</p>\r\n\r\n<p>Finding a laptop that has both a built-in cellular connection and a modern design and feature set (aka something you actually&nbsp;<em>want</em>&nbsp;to use every day) hasn&rsquo;t been easy. Every PC or laptop with a cellular connection has been for the business crowd, with clunky designs and outdated features. The other main option has been an iPad Pro with LTE, something that may not meet your actual computing needs.</p>\r\n', '5aad3d2647ef79.39789839.jpg', 192, 4);

-- --------------------------------------------------------

--
-- Table structure for table `users`
--

CREATE TABLE `users` (
  `user_id` int(3) NOT NULL,
  `username` varchar(100) NOT NULL,
  `password` varchar(100) NOT NULL
) ENGINE=InnoDB DEFAULT CHARSET=latin1;

--
-- Dumping data for table `users`
--

INSERT INTO `users` (`user_id`, `username`, `password`) VALUES
(1, 'admin', '123456789');

--
-- Indexes for dumped tables
--

--
-- Indexes for table `cat`
--
ALTER TABLE `cat`
  ADD PRIMARY KEY (`cat_id`);

--
-- Indexes for table `comments`
--
ALTER TABLE `comments`
  ADD PRIMARY KEY (`com_id`),
  ADD KEY `post_id` (`post_id`);

--
-- Indexes for table `posts`
--
ALTER TABLE `posts`
  ADD PRIMARY KEY (`post_id`),
  ADD KEY `fk_post_cat` (`cat_id`);

--
-- Indexes for table `users`
--
ALTER TABLE `users`
  ADD PRIMARY KEY (`user_id`);

--
-- AUTO_INCREMENT for dumped tables
--

--
-- AUTO_INCREMENT for table `cat`
--
ALTER TABLE `cat`
  MODIFY `cat_id` int(3) NOT NULL AUTO_INCREMENT, AUTO_INCREMENT=5;

--
-- AUTO_INCREMENT for table `comments`
--
ALTER TABLE `comments`
  MODIFY `com_id` int(11) NOT NULL AUTO_INCREMENT, AUTO_INCREMENT=28;

--
-- AUTO_INCREMENT for table `posts`
--
ALTER TABLE `posts`
  MODIFY `post_id` int(3) NOT NULL AUTO_INCREMENT, AUTO_INCREMENT=169;

--
-- AUTO_INCREMENT for table `users`
--
ALTER TABLE `users`
  MODIFY `user_id` int(3) NOT NULL AUTO_INCREMENT, AUTO_INCREMENT=2;

--
-- Constraints for dumped tables
--

--
-- Constraints for table `comments`
--
ALTER TABLE `comments`
  ADD CONSTRAINT `comments_ibfk_1` FOREIGN KEY (`post_id`) REFERENCES `posts` (`post_id`) ON DELETE CASCADE ON UPDATE CASCADE;

--
-- Constraints for table `posts`
--
ALTER TABLE `posts`
  ADD CONSTRAINT `fk_post_cat` FOREIGN KEY (`cat_id`) REFERENCES `cat` (`cat_id`) ON DELETE CASCADE ON UPDATE CASCADE;
COMMIT;

/*!40101 SET CHARACTER_SET_CLIENT=@OLD_CHARACTER_SET_CLIENT */;
/*!40101 SET CHARACTER_SET_RESULTS=@OLD_CHARACTER_SET_RESULTS */;
/*!40101 SET COLLATION_CONNECTION=@OLD_COLLATION_CONNECTION */;
